use pma_sp2014_db;

insert into device_type(device_type_id, type_name, modified_by, modified_date, `desc`)
values
(1, 'Unknown', 'Tatah', '2014-10-18 11:49:20', 'For unknown devices'),
(2, 'Mains', 'Tatah', '2014-10-18 11:50:20', 'For the case of measuring some mains'),
(3, 'AC', 'Puu', '2014-10-18 11:58:59', 'Air-Conditioner'),
(4, 'Light', 'Tatah', '2014-10-18 12:24:28', null),
(5, 'Projector', 'Bank', '2014-10-19', null),
(6, 'PC', 'Tatah', '2014-10-18 12:24:46', 'Desktop Computer'),
(7, 'PC Monitor', 'Bank', '2014-10-19', null),
(8, 'Audio Amplifier', 'Bank', '2014-10-19', null),
(9, 'Audio Mixer', 'Bank', '2014-10-19', null),
(10, 'Wireless Microphone Receiver', 'Bank', '2014-10-19', null),
(11, 'TV', 'Bank', '2014-10-19', 'Television'),
(12, 'Laptop', 'Bank', '2014-10-19', 'Laptop Computer'),
(13, 'Fan', 'Bank', '2014-10-19', null),
(14, 'Photo Copier', 'Bank', '2014-10-19', null),
(15, 'Shredder', 'Bank', '2014-10-19', null),
(16, 'Printer', 'Bank', '2014-10-19', null),
(17, 'Portable AC', 'Bank', '2014-10-19', 'Portable Air-Conditioner'),
(18, 'Ethernet Switch', 'Bank', '2014-10-19', null),
(19, 'Vending Machine', 'Bank', '2014-10-19', null),
(20, 'Document Camera', 'Bank', '2014-10-19', null),
(21, 'Water Cooler', 'Bank', '2014-10-19', null);

insert into device_detail(device_detail_id, device_type_id, brand, model, power_watt, btu, modified_by, modified_date, `desc`)
values
(1, 1, 'Unknown', 'Unknown', 0, null, 'Bank', '2014-10-19', 'For unknown devices'),
(2, 2, 'Mains', 'Mains', 0, null, 'Bank', '2014-10-19', 'For the case of measuring some mains'),
(3, 7, 'Dell', 'E177FPc', 34, null, 'Bank', '2014-10-19', '17 inches'),
(4, 7, 'Acer', 'V173', 25.8, null, 'Bank', '2014-10-19', '17 inches'),
(5, 7, 'HP Compaq', 'LE1711', 45, null, 'Bank', '2014-10-19', '17 inches'),
(6, 7, 'HP', 'w19', 37, null, 'Bank', '2014-10-19', '19 inches widescreen'),
(7, 6, 'Dell', 'Optiplex 755', 280, null, 'Bank', '2014-10-19', null),
(8, 6, 'HP Compaq', '8000', 240, null, 'Bank', '2014-10-19', 'HSTNC-058P-SF'),
(9, 6, 'Acer', 'Veriton s661', 250, null, 'Bank', '2014-10-19', null),
(10, 16, 'SMC', '1016DT', 13.2, null, 'Bank', '2014-10-19', null),
(11, 10, 'MiPRO', 'ACT-51', 26, null, 'Bank', '2014-10-19', null),
(12, 9, 'Soundcraft', 'EPM6', 20, null, 'Bank', '2014-10-19', null),
(13, 9, 'Yamaha', 'MG124cx', 30, null, 'Bank', '2014-10-19', null),
(14, 14, 'Ricoh', 'Aficio MP6001', 1900, null, 'Bank', '2014-10-19', null),
(15, 14, 'Ricoh', 'Aficio MP7502', 1900, null, 'Bank', '2014-10-19', null),
(16, 15, 'HSM', '390.2', 1400, null, 'Bank', '2014-10-19', null),
(17, 5, 'NEC', 'unknown', 350, null, 'Bank', '2014-10-19', null),
(18, 5, 'Hitachi', 'unknown', 350, null, 'Bank', '2014-10-19', null),
(19, 5, 'Epson', 'unknown', 350, null, 'Bank', '2014-10-19', null),
(20, 5, 'Samsung', 'unknown', 350, null, 'Bank', '2014-10-19', null),
(21, 5, 'Panasonic', 'unknown', 350, null, 'Bank', '2014-10-19', null),
(22, 13, 'Hatari', 'HA-I 18M4', 126, null, 'Bank', '2014-10-19', '18 inches'),
(23, 13, 'Main Industry', 'MTF60', 200, null, 'Bank', '2014-10-19', '18 inches'),
(24, 11, 'Samsung', 'unknown', 100, null, 'Bank', '2014-10-19', '40 inches'),
(25, 17, 'Masterkool', 'I-Kool MIK-70EX', 150, null, 'Bank', '2014-10-19', null),
(26, 20, 'Aver', 'AverVision F15', 24, null, 'Bank', '2014-10-19', null),
(27, 8, 'NPE', 'KA-300', 500, null, 'Bank', '2014-10-19', 'Audio Karaoke Amplifier'),
(28, 19, 'unknown', 'unknown', 350, null, 'Bank', '2014-10-19', 'The cold-drink vending machine under the escalator'),
(29, 21, 'Tecumseh', 'R-134a', 300, null, 'Bank', '2014-10-19', null);

insert into location(location_id, location_name, modified_by, modified_date, `desc`)
values
(1, 'Lobby', 'Bank', '2014-10-19', 'The first floor lobby'),
(2, 'Lab Reception Area', 'Bank', '2014-10-19', 'The area before the entrance of IT104'),
(3, 'IT104', 'Bank', '2014-10-19', null),
(4, 'Bamboo Garden', 'Bank', '2014-10-19', null);

insert into power_node(power_node_id, mac_address, name, ip_addresss, location_id, modified_by, modified_date, `desc`)
values
(1, '10:00:00:00:00:01', 'Lobby-N1', '10.34.10.10', 1, 'Bank', '2014-10-19', null),
(2, '10:00:00:00:00:02', 'LabReception-N1', '10.34.10.11', 2, 'Bank', '2014-10-19', null),
(3, '10:00:00:00:00:03', 'IT104-N1', '10.34.10.12', 3, 'Bank', '2014-10-19', null),
(4, '10:00:00:00:00:04', 'IT104-N2', '10.34.10.13', 3, 'Bank', '2014-10-19', null),
(5, '10:00:00:00:00:05', 'BambooGarden-N1', '10.34.10.14', 4, 'Bank', '2014-10-19', null),
(6, '10:00:00:00:00:06', 'BambooGarden-N2', '10.34.10.15', 4, 'Bank', '2014-10-19', null);

insert into group_of_device(group_of_device_id, pin, power_node_id, location_id, status, modified_by, modified_date, `desc`)
values
(1, 'A0', 1, 1, 1, 'Bank', '2014-10-19', 'Lobby-Fans-G1'),
(2, 'A1', 1, 1, 1, 'Bank', '2014-10-19', 'Lobby-TVs-G1'),
(3, 'A2', 1, 1, 0, 'Bank', '2014-10-19', 'Lobby-Outlets-G1'),
(4, 'A3', 1, 1, 0, 'Bank', '2014-10-19', 'Lobby-Outlets-G2'),
(5, 'A0', 2, 2, 1, 'Bank', '2014-10-19', 'LabReception-PhotoCopiers-G1'),
(6, 'A1', 2, 2, 1, 'Bank', '2014-10-19', 'LabReception-6PrintingPCs-G1'),
(7, 'A2', 2, 2, 1, 'Bank', '2014-10-19', 'LabReception-ReceptionistPC-G1'),
(8, 'A3', 2, 2, 1, 'Bank', '2014-10-19', 'LabReception-Outlets-G1'),
/* An example of a group that does not belong to the same location as the power node */
(9, 'A4', 2, 3, 1, 'Bank', '2014-10-19', 'IT104-6PrintingPCs-G1'),
-- 10 rows of Lab PCs as 10 groups connecting to each pin
(10, 'A0', 3, 3, 1, 'Bank', '2014-10-19', 'IT104-8LabPCs-G1'),
(11, 'A1', 3, 3, 1, 'Bank', '2014-10-19', 'IT104-8LabPCs-G2'),
(12, 'A2', 3, 3, 1, 'Bank', '2014-10-19', 'IT104-8LabPCs-G3'),
(13, 'A3', 3, 3, 1, 'Bank', '2014-10-19', 'IT104-8LabPCs-G4'),
(14, 'A4', 3, 3, 1, 'Bank', '2014-10-19', 'IT104-8LabPCs-G5'),
(15, 'A5', 3, 3, 1, 'Bank', '2014-10-19', 'IT104-8LabPCs-G6'),
(16, 'A6', 3, 3, 1, 'Bank', '2014-10-19', 'IT104-8LabPCs-G7'),
(17, 'A7', 3, 3, 1, 'Bank', '2014-10-19', 'IT104-8LabPCs-G8'),
(18, 'A8', 3, 3, 1, 'Bank', '2014-10-19', 'IT104-8LabPCs-G9'),
(19, 'A9', 3, 3, 1, 'Bank', '2014-10-19', 'IT104-8LabPCs-G10'),

-- 9 rows of lab PCs as 9 groups connecting to each pin
(20, 'A0', 4, 3, 1, 'Bank', '2014-10-19', 'IT104-4LabPCs-G1'),
(21, 'A1', 4, 3, 1, 'Bank', '2014-10-19', 'IT104-4LabPCs-G2'),
(22, 'A2', 4, 3, 1, 'Bank', '2014-10-19', 'IT104-4LabPCs-G3'),
(23, 'A3', 4, 3, 1, 'Bank', '2014-10-19', 'IT104-4LabPCs-G4'),
(24, 'A4', 4, 3, 1, 'Bank', '2014-10-19', 'IT104-4LabPCs-G5'),
(25, 'A5', 4, 3, 1, 'Bank', '2014-10-19', 'IT104-4LabPCs-G6'),
(26, 'A6', 4, 3, 1, 'Bank', '2014-10-19', 'IT104-4LabPCs-G7'),
(27, 'A7', 4, 3, 1, 'Bank', '2014-10-19', 'IT104-4LabPCs-G8'),
(28, 'A8', 4, 3, 1, 'Bank', '2014-10-19', 'IT104-4LabPCs-G9'),

-- The group of ethernet switches connecting to a pin
(29, 'A9', 4, 3, 1, 'Bank', '2014-10-19', 'IT104-EthernetSwitches-G1'),

-- The group of lecturer's devices connecting to a pin
(30, 'A10', 4, 3, 1, 'Bank', '2014-10-19', 'IT104-LecturerDevices-G1'),

-- The group of projectors connecting to a pin
(31, 'A10', 3, 3, 1, 'Bank', '2014-10-19', 'IT104-Projectors-G1'),

-- For bamboo garden
(32, 'A0', 5, 4, 1, 'Bank', '2014-10-19', 'BambooGarden-Outlets-G1'),
(33, 'A1', 5, 4, 1, 'Bank', '2014-10-19', 'BambooGarden-Outlets-G2'),
(34, 'A2', 5, 4, 1, 'Bank', '2014-10-19', 'BambooGarden-Outlets-G3'),
(35, 'A3', 5, 4, 1, 'Bank', '2014-10-19', 'BambooGarden-Outlets-G4'),
(36, 'A4', 5, 4, 1, 'Bank', '2014-10-19', 'BambooGarden-Outlets-G5'),

(37, 'A0', 6, 4, 1, 'Bank', '2014-10-19', 'BambooGarden-Outlets-G6'),
(38, 'A1', 6, 4, 1, 'Bank', '2014-10-19', 'BambooGarden-Outlets-G7'),
(39, 'A2', 6, 4, 1, 'Bank', '2014-10-19', 'BambooGarden-Outlets-G8'),
(40, 'A3', 6, 4, 1, 'Bank', '2014-10-19', 'BambooGarden-Outlets-G9'),
(41, 'A4', 6, 4, 1, 'Bank', '2014-10-19', 'BambooGarden-Outlets-G10'),

(42, 'A5', 6, 4, 1, 'Bank', '2014-10-19', 'BambooGarden-VendingMachine-G1');

insert into device(device_id, device_name, device_detail_id, group_of_device_id, modified_by, modified_date, `desc`)
values
-- Lobby
(1, 'Fan1', 22, 1, 'Bank', '2014-10-19', null),
(2, 'Fan2', 23, 1, 'Bank', '2014-10-19', null),
(3, 'TV1', 24, 2, 'Bank', '2014-10-19', null),
(4, 'TV2', 24, 2, 'Bank', '2014-10-19', null),
(5, 'Unknown1', 1, 3, 'Bank', '2014-10-19', null),
(6, 'Unknown2', 1, 3, 'Bank', '2014-10-19', null),
(7, 'Unknown3', 1, 4, 'Bank', '2014-10-19', null),
(8, 'Unknown4', 1, 4, 'Bank', '2014-10-19', null),

-- Lab Reception
(9, 'PhotoCopier1', 14, 5, 'Bank', '2014-10-19', null),
(10, 'PhotoCopier2', 15, 5, 'Bank', '2014-10-19', null),
(11, 'PhotoCopier3', 15, 5, 'Bank', '2014-10-19', null),
(12, 'HP-PC-Wide-Mon1', 6, 6, 'Bank', '2014-10-19', null),
(13, 'HP-PC1', 8, 6, 'Bank', '2014-10-19', null),
(14, 'HP-PC-Wide-Mon2', 6, 6, 'Bank', '2014-10-19', null),
(15, 'HP-PC2', 8, 6, 'Bank', '2014-10-19', null),
(16, 'HP-PC-Wide-Mon3', 6, 6, 'Bank', '2014-10-19', null),
(17, 'HP-PC3', 8, 6, 'Bank', '2014-10-19', null),
(18, 'HP-PC-Wide-Mon4', 6, 6, 'Bank', '2014-10-19', null),
(19, 'HP-PC4', 8, 6, 'Bank', '2014-10-19', null),
(20, 'HP-PC-Wide-Mon5', 6, 6, 'Bank', '2014-10-19', null),
(21, 'HP-PC5', 8, 6, 'Bank', '2014-10-19', null),
(22, 'HP-PC-Wide-Mon6', 6, 6, 'Bank', '2014-10-19', null),
(23, 'HP-PC6', 8, 6, 'Bank', '2014-10-19', null),
(24, 'Dell-PC-Mon1', 3, 7, 'Bank', '2014-10-19', null),
(25, 'Dell-PC1', 7, 7, 'Bank', '2014-10-19', null),
(26, 'Unknown5', 1, 8, 'Bank', '2014-10-19', null),
(27, 'Unknown6', 1, 8, 'Bank', '2014-10-19', null),
(28, 'Unknown7', 1, 8, 'Bank', '2014-10-19', null),
(29, 'Unknown8', 1, 8, 'Bank', '2014-10-19', null),

-- IT104 (6 Printing PCs)
(30, 'HP-PC-Wide-Mon7', 6, 9, 'Bank', '2014-10-19', null),
(31, 'HP-PC7', 8, 9, 'Bank', '2014-10-19', null),
(32, 'HP-PC-Wide-Mon8', 6, 9, 'Bank', '2014-10-19', null),
(33, 'HP-PC8', 8, 9, 'Bank', '2014-10-19', null),
(34, 'HP-PC-Wide-Mon9', 6, 9, 'Bank', '2014-10-19', null),
(35, 'HP-PC9', 8, 9, 'Bank', '2014-10-19', null),
(36, 'HP-PC-Wide-Mon10', 6, 9, 'Bank', '2014-10-19', null),
(37, 'HP-PC10', 8, 9, 'Bank', '2014-10-19', null),
(38, 'HP-PC-Wide-Mon11', 6, 9, 'Bank', '2014-10-19', null),
(39, 'HP-PC11', 8, 9, 'Bank', '2014-10-19', null),
(40, 'HP-PC-Wide-Mon12', 6, 9, 'Bank', '2014-10-19', null),
(41, 'HP-PC12', 8, 9, 'Bank', '2014-10-19', null),

-- IT104 (10 Rows of lab PCs, each of which consists of 8 PCs)
-- 1
(42, 'HP-PC-Mon1', 5, 10, 'Bank', '2014-10-19', null),
(43, 'HP-PC14', 8, 10, 'Bank', '2014-10-19', null),
(44, 'HP-PC-Mon2', 5, 10, 'Bank', '2014-10-19', null),
(45, 'HP-PC15', 8, 10, 'Bank', '2014-10-19', null),
(46, 'HP-PC-Mon3', 5, 10, 'Bank', '2014-10-19', null),
(47, 'HP-PC16', 8, 10, 'Bank', '2014-10-19', null),
(48, 'HP-PC-Mon4', 5, 10, 'Bank', '2014-10-19', null),
(49, 'HP-PC17', 8, 10, 'Bank', '2014-10-19', null),
(50, 'HP-PC-Mon5', 5, 10, 'Bank', '2014-10-19', null),
(51, 'HP-PC18', 8, 10, 'Bank', '2014-10-19', null),
(52, 'HP-PC-Mon6', 5, 10, 'Bank', '2014-10-19', null),
(53, 'HP-PC19', 8, 10, 'Bank', '2014-10-19', null),
(54, 'HP-PC-Mon7', 5, 10, 'Bank', '2014-10-19', null),
(55, 'HP-PC20', 8, 10, 'Bank', '2014-10-19', null),
(56, 'HP-PC-Mon8', 5, 10, 'Bank', '2014-10-19', null),
(57, 'HP-PC21', 8, 10, 'Bank', '2014-10-19', null),
-- 2
(58, 'HP-PC-Mon9', 5, 11, 'Bank', '2014-10-19', null),
(59, 'HP-PC22', 8, 11, 'Bank', '2014-10-19', null),
(60, 'HP-PC-Mon10', 5, 11, 'Bank', '2014-10-19', null),
(61, 'HP-PC23', 8, 11, 'Bank', '2014-10-19', null),
(62, 'HP-PC-Mon11', 5, 11, 'Bank', '2014-10-19', null),
(63, 'HP-PC24', 8, 11, 'Bank', '2014-10-19', null),
(64, 'HP-PC-Mon12', 5, 11, 'Bank', '2014-10-19', null),
(65, 'HP-PC25', 8, 11, 'Bank', '2014-10-19', null),
(66, 'HP-PC-Mon13', 5, 11, 'Bank', '2014-10-19', null),
(67, 'HP-PC26', 8, 11, 'Bank', '2014-10-19', null),
(68, 'HP-PC-Mon14', 5, 11, 'Bank', '2014-10-19', null),
(69, 'HP-PC27', 8, 11, 'Bank', '2014-10-19', null),
(70, 'HP-PC-Mon15', 5, 11, 'Bank', '2014-10-19', null),
(71, 'HP-PC28', 8, 11, 'Bank', '2014-10-19', null),
(72, 'HP-PC-Mon16', 5, 11, 'Bank', '2014-10-19', null),
(73, 'HP-PC29', 8, 11, 'Bank', '2014-10-19', null),
-- 3
(74, 'HP-PC-Mon17', 5, 12, 'Bank', '2014-10-19', null),
(75, 'HP-PC30', 8, 12, 'Bank', '2014-10-19', null),
(76, 'HP-PC-Mon18', 5, 12, 'Bank', '2014-10-19', null),
(77, 'HP-PC31', 8, 12, 'Bank', '2014-10-19', null),
(78, 'HP-PC-Mon19', 5, 12, 'Bank', '2014-10-19', null),
(79, 'HP-PC32', 8, 12, 'Bank', '2014-10-19', null),
(80, 'HP-PC-Mon20', 5, 12, 'Bank', '2014-10-19', null),
(81, 'HP-PC33', 8, 12, 'Bank', '2014-10-19', null),
(82, 'HP-PC-Mon21', 5, 12, 'Bank', '2014-10-19', null),
(83, 'HP-PC34', 8, 12, 'Bank', '2014-10-19', null),
(84, 'HP-PC-Mon22', 5, 12, 'Bank', '2014-10-19', null),
(85, 'HP-PC35', 8, 12, 'Bank', '2014-10-19', null),
(86, 'HP-PC-Mon23', 5, 12, 'Bank', '2014-10-19', null),
(87, 'HP-PC36', 8, 12, 'Bank', '2014-10-19', null),
(88, 'HP-PC-Mon24', 5, 12, 'Bank', '2014-10-19', null),
(89, 'HP-PC37', 8, 12, 'Bank', '2014-10-19', null),
-- 4
(90, 'HP-PC-Mon25', 5, 13, 'Bank', '2014-10-19', null),
(91, 'HP-PC38', 8, 13, 'Bank', '2014-10-19', null),
(92, 'HP-PC-Mon26', 5, 13, 'Bank', '2014-10-19', null),
(93, 'HP-PC39', 8, 13, 'Bank', '2014-10-19', null),
(94, 'HP-PC-Mon27', 5, 13, 'Bank', '2014-10-19', null),
(95, 'HP-PC40', 8, 13, 'Bank', '2014-10-19', null),
(96, 'HP-PC-Mon28', 5, 13, 'Bank', '2014-10-19', null),
(97, 'HP-PC41', 8, 13, 'Bank', '2014-10-19', null),
(98, 'HP-PC-Mon29', 5, 13, 'Bank', '2014-10-19', null),
(99, 'HP-PC42', 8, 13, 'Bank', '2014-10-19', null),
(100, 'HP-PC-Mon30', 5, 13, 'Bank', '2014-10-19', null),
(101, 'HP-PC43', 8, 13, 'Bank', '2014-10-19', null),
(102, 'HP-PC-Mon31', 5, 13, 'Bank', '2014-10-19', null),
(103, 'HP-PC44', 8, 13, 'Bank', '2014-10-19', null),
(104, 'HP-PC-Mon32', 5, 13, 'Bank', '2014-10-19', null),
(105, 'HP-PC45', 8, 13, 'Bank', '2014-10-19', null),
-- 5
(106, 'HP-PC-Mon33', 5, 14, 'Bank', '2014-10-19', null),
(107, 'HP-PC46', 8, 14, 'Bank', '2014-10-19', null),
(108, 'HP-PC-Mon34', 5, 14, 'Bank', '2014-10-19', null),
(109, 'HP-PC47', 8, 14, 'Bank', '2014-10-19', null),
(110, 'HP-PC-Mon35', 5, 14, 'Bank', '2014-10-19', null),
(111, 'HP-PC48', 8, 14, 'Bank', '2014-10-19', null),
(112, 'HP-PC-Mon36', 5, 14, 'Bank', '2014-10-19', null),
(113, 'HP-PC49', 8, 14, 'Bank', '2014-10-19', null),
(114, 'HP-PC-Mon37', 5, 14, 'Bank', '2014-10-19', null),
(115, 'HP-PC50', 8, 14, 'Bank', '2014-10-19', null),
(116, 'HP-PC-Mon38', 5, 14, 'Bank', '2014-10-19', null),
(117, 'HP-PC51', 8, 14, 'Bank', '2014-10-19', null),
(118, 'HP-PC-Mon39', 5, 14, 'Bank', '2014-10-19', null),
(119, 'HP-PC52', 8, 14, 'Bank', '2014-10-19', null),
(120, 'HP-PC-Mon40', 5, 14, 'Bank', '2014-10-19', null),
(121, 'HP-PC53', 8, 14, 'Bank', '2014-10-19', null),
-- 6
(122, 'HP-PC-Mon41', 5, 15, 'Bank', '2014-10-19', null),
(123, 'HP-PC54', 8, 15, 'Bank', '2014-10-19', null),
(124, 'HP-PC-Mon42', 5, 15, 'Bank', '2014-10-19', null),
(125, 'HP-PC55', 8, 15, 'Bank', '2014-10-19', null),
(126, 'HP-PC-Mon43', 5, 15, 'Bank', '2014-10-19', null),
(127, 'HP-PC56', 8, 15, 'Bank', '2014-10-19', null),
(128, 'HP-PC-Mon44', 5, 15, 'Bank', '2014-10-19', null),
(129, 'HP-PC57', 8, 15, 'Bank', '2014-10-19', null),
(130, 'HP-PC-Mon45', 5, 15, 'Bank', '2014-10-19', null),
(131, 'HP-PC58', 8, 15, 'Bank', '2014-10-19', null),
(132, 'HP-PC-Mon46', 5, 15, 'Bank', '2014-10-19', null),
(133, 'HP-PC59', 8, 15, 'Bank', '2014-10-19', null),
(134, 'HP-PC-Mon47', 5, 15, 'Bank', '2014-10-19', null),
(135, 'HP-PC60', 8, 15, 'Bank', '2014-10-19', null),
(136, 'HP-PC-Mon48', 5, 15, 'Bank', '2014-10-19', null),
(137, 'HP-PC61', 8, 15, 'Bank', '2014-10-19', null),
-- 7
(138, 'HP-PC-Mon49', 5, 16, 'Bank', '2014-10-19', null),
(139, 'HP-PC55', 8, 16, 'Bank', '2014-10-19', null),
(140, 'HP-PC-Mon50', 5, 16, 'Bank', '2014-10-19', null),
(141, 'HP-PC56', 8, 16, 'Bank', '2014-10-19', null),
(142, 'HP-PC-Mon51', 5, 16, 'Bank', '2014-10-19', null),
(143, 'HP-PC57', 8, 16, 'Bank', '2014-10-19', null),
(144, 'HP-PC-Mon52', 5, 16, 'Bank', '2014-10-19', null),
(145, 'HP-PC58', 8, 16, 'Bank', '2014-10-19', null),
(146, 'HP-PC-Mon53', 5, 16, 'Bank', '2014-10-19', null),
(147, 'HP-PC59', 8, 16, 'Bank', '2014-10-19', null),
(148, 'HP-PC-Mon54', 5, 16, 'Bank', '2014-10-19', null),
(149, 'HP-PC60', 8, 16, 'Bank', '2014-10-19', null),
(150, 'HP-PC-Mon55', 5, 16, 'Bank', '2014-10-19', null),
(151, 'HP-PC61', 8, 16, 'Bank', '2014-10-19', null),
(152, 'HP-PC-Mon56', 5, 16, 'Bank', '2014-10-19', null),
(153, 'HP-PC62', 8, 16, 'Bank', '2014-10-19', null),
-- 8
(154, 'HP-PC-Mon57', 5, 17, 'Bank', '2014-10-19', null),
(155, 'HP-PC63', 8, 17, 'Bank', '2014-10-19', null),
(156, 'HP-PC-Mon58', 5, 17, 'Bank', '2014-10-19', null),
(157, 'HP-PC64', 8, 17, 'Bank', '2014-10-19', null),
(158, 'HP-PC-Mon59', 5, 17, 'Bank', '2014-10-19', null),
(159, 'HP-PC65', 8, 17, 'Bank', '2014-10-19', null),
(160, 'HP-PC-Mon60', 5, 17, 'Bank', '2014-10-19', null),
(161, 'HP-PC66', 8, 17, 'Bank', '2014-10-19', null),
(162, 'HP-PC-Mon61', 5, 17, 'Bank', '2014-10-19', null),
(163, 'HP-PC67', 8, 17, 'Bank', '2014-10-19', null),
(164, 'HP-PC-Mon62', 5, 17, 'Bank', '2014-10-19', null),
(165, 'HP-PC68', 8, 17, 'Bank', '2014-10-19', null),
(166, 'HP-PC-Mon63', 5, 17, 'Bank', '2014-10-19', null),
(167, 'HP-PC69', 8, 17, 'Bank', '2014-10-19', null),
(168, 'HP-PC-Mon64', 5, 17, 'Bank', '2014-10-19', null),
(169, 'HP-PC70', 8, 17, 'Bank', '2014-10-19', null),
-- 9
(170, 'HP-PC-Mon65', 5, 18, 'Bank', '2014-10-19', null),
(171, 'HP-PC71', 8, 18, 'Bank', '2014-10-19', null),
(172, 'HP-PC-Mon66', 5, 18, 'Bank', '2014-10-19', null),
(173, 'HP-PC72', 8, 18, 'Bank', '2014-10-19', null),
(174, 'HP-PC-Mon67', 5, 18, 'Bank', '2014-10-19', null),
(175, 'HP-PC73', 8, 18, 'Bank', '2014-10-19', null),
(176, 'HP-PC-Mon68', 5, 18, 'Bank', '2014-10-19', null),
(177, 'HP-PC74', 8, 18, 'Bank', '2014-10-19', null),
(178, 'HP-PC-Mon69', 5, 18, 'Bank', '2014-10-19', null),
(179, 'HP-PC75', 8, 18, 'Bank', '2014-10-19', null),
(180, 'HP-PC-Mon70', 5, 18, 'Bank', '2014-10-19', null),
(181, 'HP-PC76', 8, 18, 'Bank', '2014-10-19', null),
(182, 'HP-PC-Mon71', 5, 18, 'Bank', '2014-10-19', null),
(183, 'HP-PC77', 8, 18, 'Bank', '2014-10-19', null),
(184, 'HP-PC-Mon72', 5, 18, 'Bank', '2014-10-19', null),
(185, 'HP-PC78', 8, 18, 'Bank', '2014-10-19', null),
-- 10
(186, 'HP-PC-Mon73', 5, 19, 'Bank', '2014-10-19', null),
(187, 'HP-PC79', 8, 19, 'Bank', '2014-10-19', null),
(188, 'HP-PC-Mon74', 5, 19, 'Bank', '2014-10-19', null),
(189, 'HP-PC80', 8, 19, 'Bank', '2014-10-19', null),
(190, 'HP-PC-Mon75', 5, 19, 'Bank', '2014-10-19', null),
(191, 'HP-PC81', 8, 19, 'Bank', '2014-10-19', null),
(192, 'HP-PC-Mon76', 5, 19, 'Bank', '2014-10-19', null),
(193, 'HP-PC82', 8, 19, 'Bank', '2014-10-19', null),
(194, 'HP-PC-Mon77', 5, 19, 'Bank', '2014-10-19', null),
(195, 'HP-PC83', 8, 19, 'Bank', '2014-10-19', null),
(196, 'HP-PC-Mon78', 5, 19, 'Bank', '2014-10-19', null),
(197, 'HP-PC84', 8, 19, 'Bank', '2014-10-19', null),
(198, 'HP-PC-Mon79', 5, 19, 'Bank', '2014-10-19', null),
(199, 'HP-PC85', 8, 19, 'Bank', '2014-10-19', null),
(200, 'HP-PC-Mon80', 5, 19, 'Bank', '2014-10-19', null),
(201, 'HP-PC86', 8, 19, 'Bank', '2014-10-19', null),

-- IT104 (9 Rows of lab PCs, each of which consists of 9 PCs)
-- 1
(202, 'HP-PC-Mon81', 5, 20, 'Bank', '2014-10-19', null),
(203, 'HP-PC87', 8, 20, 'Bank', '2014-10-19', null),
(204, 'HP-PC-Mon82', 5, 20, 'Bank', '2014-10-19', null),
(205, 'HP-PC88', 8, 20, 'Bank', '2014-10-19', null),
(206, 'HP-PC-Mon83', 5, 20, 'Bank', '2014-10-19', null),
(207, 'HP-PC89', 8, 20, 'Bank', '2014-10-19', null),
(208, 'HP-PC-Mon84', 5, 20, 'Bank', '2014-10-19', null),
(209, 'HP-PC90', 8, 20, 'Bank', '2014-10-19', null),
-- 2
(210, 'HP-PC-Mon85', 5, 21, 'Bank', '2014-10-19', null),
(211, 'HP-PC91', 8, 21, 'Bank', '2014-10-19', null),
(212, 'HP-PC-Mon86', 5, 21, 'Bank', '2014-10-19', null),
(213, 'HP-PC92', 8, 21, 'Bank', '2014-10-19', null),
(214, 'HP-PC-Mon87', 5, 21, 'Bank', '2014-10-19', null),
(215, 'HP-PC93', 8, 21, 'Bank', '2014-10-19', null),
(216, 'HP-PC-Mon88', 5, 21, 'Bank', '2014-10-19', null),
(217, 'HP-PC94', 8, 21, 'Bank', '2014-10-19', null),
-- 3
(218, 'HP-PC-Mon89', 5, 22, 'Bank', '2014-10-19', null),
(219, 'HP-PC95', 8, 22, 'Bank', '2014-10-19', null),
(220, 'HP-PC-Mon90', 5, 22, 'Bank', '2014-10-19', null),
(221, 'HP-PC96', 8, 22, 'Bank', '2014-10-19', null),
(222, 'HP-PC-Mon91', 5, 22, 'Bank', '2014-10-19', null),
(223, 'HP-PC97', 8, 22, 'Bank', '2014-10-19', null),
(224, 'HP-PC-Mon92', 5, 22, 'Bank', '2014-10-19', null),
(225, 'HP-PC98', 8, 22, 'Bank', '2014-10-19', null),
-- 4
(226, 'HP-PC-Mon93', 5, 23, 'Bank', '2014-10-19', null),
(227, 'HP-PC99', 8, 23, 'Bank', '2014-10-19', null),
(228, 'HP-PC-Mon94', 5, 23, 'Bank', '2014-10-19', null),
(229, 'HP-PC100', 8, 23, 'Bank', '2014-10-19', null),
(230, 'HP-PC-Mon95', 5, 23, 'Bank', '2014-10-19', null),
(231, 'HP-PC101', 8, 23, 'Bank', '2014-10-19', null),
(232, 'HP-PC-Mon96', 5, 23, 'Bank', '2014-10-19', null),
(233, 'HP-PC102', 8, 23, 'Bank', '2014-10-19', null),
-- 5
(234, 'HP-PC-Mon97', 5, 24, 'Bank', '2014-10-19', null),
(235, 'HP-PC103', 8, 24, 'Bank', '2014-10-19', null),
(236, 'HP-PC-Mon98', 5, 24, 'Bank', '2014-10-19', null),
(237, 'HP-PC104', 8, 24, 'Bank', '2014-10-19', null),
(238, 'HP-PC-Mon99', 5, 24, 'Bank', '2014-10-19', null),
(239, 'HP-PC105', 8, 24, 'Bank', '2014-10-19', null),
(240, 'HP-PC-Mon100', 5, 24, 'Bank', '2014-10-19', null),
(241, 'HP-PC106', 8, 24, 'Bank', '2014-10-19', null),
-- 6
(242, 'HP-PC-Mon101', 5, 25, 'Bank', '2014-10-19', null),
(243, 'HP-PC107', 8, 25, 'Bank', '2014-10-19', null),
(244, 'HP-PC-Mon102', 5, 25, 'Bank', '2014-10-19', null),
(245, 'HP-PC108', 8, 25, 'Bank', '2014-10-19', null),
(246, 'HP-PC-Mon103', 5, 25, 'Bank', '2014-10-19', null),
(247, 'HP-PC109', 8, 25, 'Bank', '2014-10-19', null),
(248, 'HP-PC-Mon104', 5, 25, 'Bank', '2014-10-19', null),
(249, 'HP-PC110', 8, 25, 'Bank', '2014-10-19', null),
-- 7
(250, 'HP-PC-Mon105', 5, 26, 'Bank', '2014-10-19', null),
(251, 'HP-PC111', 8, 26, 'Bank', '2014-10-19', null),
(252, 'HP-PC-Mon106', 5, 26, 'Bank', '2014-10-19', null),
(253, 'HP-PC112', 8, 26, 'Bank', '2014-10-19', null),
(254, 'HP-PC-Mon107', 5, 26, 'Bank', '2014-10-19', null),
(255, 'HP-PC113', 8, 26, 'Bank', '2014-10-19', null),
(256, 'HP-PC-Mon108', 5, 26, 'Bank', '2014-10-19', null),
(257, 'HP-PC114', 8, 26, 'Bank', '2014-10-19', null),
-- 8
(258, 'HP-PC-Mon109', 5, 27, 'Bank', '2014-10-19', null),
(259, 'HP-PC115', 8, 27, 'Bank', '2014-10-19', null),
(260, 'HP-PC-Mon110', 5, 27, 'Bank', '2014-10-19', null),
(261, 'HP-PC116', 8, 27, 'Bank', '2014-10-19', null),
(262, 'HP-PC-Mon111', 5, 27, 'Bank', '2014-10-19', null),
(263, 'HP-PC117', 8, 27, 'Bank', '2014-10-19', null),
(264, 'HP-PC-Mon112', 5, 27, 'Bank', '2014-10-19', null),
(265, 'HP-PC118', 8, 27, 'Bank', '2014-10-19', null),
-- 9
(266, 'HP-PC-Mon113', 5, 28, 'Bank', '2014-10-19', null),
(267, 'HP-PC119', 8, 28, 'Bank', '2014-10-19', null),
(268, 'HP-PC-Mon114', 5, 28, 'Bank', '2014-10-19', null),
(269, 'HP-PC120', 8, 28, 'Bank', '2014-10-19', null),
(270, 'HP-PC-Mon115', 5, 28, 'Bank', '2014-10-19', null),
(271, 'HP-PC121', 8, 28, 'Bank', '2014-10-19', null),
(272, 'HP-PC-Mon116', 5, 28, 'Bank', '2014-10-19', null),
(273, 'HP-PC122', 8, 28, 'Bank', '2014-10-19', null),

-- IT104 Ethernet Switches
(274, 'SMC-16Ports1', 10, 29, 'Bank', '2014-10-19', null),
(275, 'SMC-16Ports2', 10, 29, 'Bank', '2014-10-19', null),
(276, 'SMC-16Ports3', 10, 29, 'Bank', '2014-10-19', null),
(277, 'SMC-16Ports4', 10, 29, 'Bank', '2014-10-19', null),
(278, 'SMC-16Ports5', 10, 29, 'Bank', '2014-10-19', null),
(279, 'SMC-16Ports6', 10, 29, 'Bank', '2014-10-19', null),
(280, 'SMC-16Ports7', 10, 29, 'Bank', '2014-10-19', null),
(281, 'SMC-16Ports8', 10, 29, 'Bank', '2014-10-19', null),
(282, 'SMC-16Ports9', 10, 29, 'Bank', '2014-10-19', null),

-- IT104 Lecturer Devices
(283, 'HP-PC-Mon117', 5, 30, 'Bank', '2014-10-19', null),
(284, 'HP-PC123', 8, 30, 'Bank', '2014-10-19', null),
(285, 'Document-Camera1', 26, 30, 'Bank', '2014-10-19', null),
(286, 'Audio-Amp1', 27, 30, 'Bank', '2014-10-19', null),
(287, 'Audio-Mixer1', 13, 30, 'Bank', '2014-10-19', null),
(288, 'Wireless-Mic1', 11, 30, 'Bank', '2014-10-19', null),

-- IT104 Projectors
(289, 'Projector1', 20, 31, 'Bank', '2014-10-19', null),
(290, 'Projector2', 21, 31, 'Bank', '2014-10-19', null),
(291, 'Projector3', 21, 31, 'Bank', '2014-10-19', null),

-- Bamboo Garden Outlets
(292, 'Bamboo-Outlet1.1', 1, 32, 'Bank', '2014-10-19', null),
(293, 'Bamboo-Outlet1.2', 1, 32, 'Bank', '2014-10-19', null),
(294, 'Bamboo-Outlet2.1', 1, 33, 'Bank', '2014-10-19', null),
(295, 'Bamboo-Outlet2.2', 1, 33, 'Bank', '2014-10-19', null),
(296, 'Bamboo-Outlet3.1', 1, 34, 'Bank', '2014-10-19', null),
(297, 'Bamboo-Outlet3.2', 1, 34, 'Bank', '2014-10-19', null),
(298, 'Bamboo-Outlet4.1', 1, 35, 'Bank', '2014-10-19', null),
(299, 'Bamboo-Outlet4.2', 1, 35, 'Bank', '2014-10-19', null),
(300, 'Bamboo-Outlet5.1', 1, 36, 'Bank', '2014-10-19', null),
(301, 'Bamboo-Outlet5.2', 1, 36, 'Bank', '2014-10-19', null),

(302, 'Bamboo-Outlet6.1', 1, 37, 'Bank', '2014-10-19', null),
(303, 'Bamboo-Outlet6.2', 1, 37, 'Bank', '2014-10-19', null),
(304, 'Bamboo-Outlet7.1', 1, 38, 'Bank', '2014-10-19', null),
(305, 'Bamboo-Outlet7.2', 1, 38, 'Bank', '2014-10-19', null),
(306, 'Bamboo-Outlet8.1', 1, 39, 'Bank', '2014-10-19', null),
(307, 'Bamboo-Outlet8.2', 1, 39, 'Bank', '2014-10-19', null),
(308, 'Bamboo-Outlet9.1', 1, 40, 'Bank', '2014-10-19', null),
(309, 'Bamboo-Outlet9.2', 1, 40, 'Bank', '2014-10-19', null),
(310, 'Bamboo-Outlet10.1', 1, 41, 'Bank', '2014-10-19', null),
(311, 'Bamboo-Outlet10.2', 1, 41, 'Bank', '2014-10-19', null),

-- Bamboo Garden Vending Machine
(312, 'Vending-Machine1', 28, 42, 'Bank', '2014-10-19', null);
